{
  "timestamp": 1781989506.141801,
  "quality_signal": 0.6385997229425412,
  "coupling_score": 0.5531428571428572,
  "cycle_count": 0,
  "god_file_count": 4,
  "hotspot_count": 2,
  "complex_fn_count": 18,
  "max_depth": 10,
  "total_import_edges": 875,
  "cross_module_edges": 484
}